scene,hasPath,length,euclidean_length,time,nodes,edges,roadmap_size
U-Shape,True,16,38.630112972240745,0.0501246452331543,122,121,121
L-Shape,True,17,43.57494244790467,0.05496692657470703,122,119,119
Corridor,False,0,0.0,0.05125689506530762,122,120,120
Complex Shape,True,22,60.208616688128366,0.05396842956542969,122,116,116
Multiple Obstacles,True,25,70.35617823389119,0.06453371047973633,122,110,110
Crossed Obstacles,True,17,46.04514569749788,0.052492618560791016,122,121,121
Random Obstacles,True,17,43.43725070909444,0.05693817138671875,122,120,120
