scene,hasPath,length,euclidean_length,time,nodes,edges,roadmap_size
U-Shape,True,16,43.26030987315199,0.026963233947753906,122,121,121
L-Shape,True,22,62.72067132442221,0.0290679931640625,122,121,121
Corridor,True,18,46.62084627880174,0.031769752502441406,122,120,120
Complex Shape,True,21,52.582168156874886,0.031154870986938477,122,116,116
Multiple Obstacles,False,0,0.0,0.04329991340637207,122,112,112
Crossed Obstacles,True,17,43.893834621155094,0.030642032623291016,122,121,121
Random Obstacles,True,18,50.48214889420634,0.03498506546020508,122,121,121
