scene,hasPath,length,euclidean_length,time,nodes,edges,roadmap_size
U-Shape,True,10,33.4586314939713,0.009787559509277344,102,579,579
L-Shape,True,8,28.59842691584178,0.008105278015136719,102,579,579
Corridor,False,0,0.0,0.010856866836547852,102,563,563
Complex Shape,False,0,0.0,0.010773897171020508,102,599,599
Multiple Obstacles,False,0,0.0,0.017092466354370117,102,560,560
Crossed Obstacles,True,9,36.87710930513694,0.008652925491333008,102,594,594
Random Obstacles,True,9,31.252742702812935,0.009444713592529297,102,596,596
