scene,hasPath,length,euclidean_length,time,nodes,edges,roadmap_size
U-Shape,True,6,32.191096585727955,0.0037670135498046875,52,286,286
L-Shape,True,5,32.44056751518398,0.004353046417236328,52,287,287
Corridor,False,0,0.0,0.004416942596435547,52,269,269
Complex Shape,False,0,0.0,0.005053997039794922,52,283,283
Multiple Obstacles,False,0,0.0,0.010116100311279297,52,271,271
Crossed Obstacles,True,5,33.393169185510445,0.002344846725463867,52,312,312
Random Obstacles,True,6,31.304982025715162,0.006518125534057617,52,314,314
