scene,hasPath,length,euclidean_length,time,nodes,edges,roadmap_size
U-Shape,True,4,34.778485659555926,0.009692668914794922,22,49,49
L-Shape,True,6,33.32939341381323,0.018401622772216797,41,88,88
Corridor,True,7,41.56348569516454,0.010118722915649414,23,47,47
Complex Shape,True,7,41.14089008543667,0.025615692138671875,34,63,63
Multiple Obstacles,True,5,38.24018907096695,0.045737504959106445,30,48,48
Crossed Obstacles,True,4,33.57231532916401,0.0101165771484375,19,43,43
Random Obstacles,True,5,27.837751705574412,0.040969133377075195,88,175,175
