scene,hasPath,length,euclidean_length,time,nodes,edges,roadmap_size
U-Shape,True,4,35.80080511852342,0.005421161651611328,16,37,37
L-Shape,True,4,39.166627193910934,0.006623983383178711,23,45,45
Corridor,True,8,57.68100724389555,0.00888204574584961,17,31,31
Complex Shape,True,7,44.02769472299089,0.019832849502563477,44,75,75
Multiple Obstacles,True,4,23.874247175945122,0.022774934768676758,22,32,32
Crossed Obstacles,True,4,35.260821478838174,0.005795955657958984,22,47,47
Random Obstacles,True,4,25.9180394173069,0.01416015625,49,102,102
